station,horizon_minutes,high_n,baseline_high_coverage_pct,candidate_high_coverage_pct,overall_interval_score_gain_pct,overall_width_change_pct,supported_high_n,fallback_high_n,high_issue_days,high_calendar_7day_blocks
41002,60,555,51.17117117117117,67.2072072072072,2.088768429213323,12.612266247296706,329,226,23,13
41002,180,557,55.65529622980251,70.01795332136446,-0.5336225495969702,16.03756982895113,329,228,23,13
41002,360,558,61.29032258064516,70.60931899641577,-3.1701906027454907,14.718152941979614,331,227,23,13
42001,60,108,46.2962962962963,64.81481481481481,1.9201749772585814,1.8251705511770921,36,72,9,6
42001,180,108,51.85185185185185,68.51851851851852,0.6746256908857872,1.6183109835589713,36,72,9,6
42001,360,107,64.48598130841121,65.42056074766354,-0.06947073901700386,0.1633302645004853,7,100,9,6
44025,60,353,62.03966005665722,68.27195467422096,2.1586856960351692,3.2885575994184193,136,217,13,7
44025,180,353,69.68838526912181,76.20396600566572,-0.04419395421450509,3.231617486014409,136,217,13,7
44025,360,352,74.14772727272727,76.98863636363636,0.541119724971179,0.9853479001584804,135,217,13,7
46050,60,300,70.33333333333334,87.0,1.5155692923585165,4.871406014611813,265,35,28,11
46050,180,300,81.33333333333333,89.66666666666666,0.44047508290882487,1.5793269058021713,240,60,28,11
46050,360,300,87.66666666666667,95.0,0.5001400610524929,0.8388156544955823,240,60,28,11
46237,60,601,63.56073211314476,79.03494176372712,3.7554781727344784,5.1645564044292325,433,168,43,16
46237,180,602,68.6046511627907,82.05980066445183,2.314669103136509,4.848211849232031,462,140,43,16
46237,360,600,72.33333333333334,84.83333333333334,2.032699935878455,4.023278400926229,403,197,43,16
