condition,seed,fixed_priority_critical_fcq_rate,fixed_priority_high_hostility_fcq_rate,fixed_priority_mean_critical_covariance,fixed_priority_low_value_task_fraction,fixed_priority_assignments_per_step,fixed_priority_median_shift_response_delay,fixed_priority_missed_shift_count,fixed_priority_critical_track_count,fixed_priority_track_count,greedy_uncertainty_critical_fcq_rate,greedy_uncertainty_high_hostility_fcq_rate,greedy_uncertainty_mean_critical_covariance,greedy_uncertainty_low_value_task_fraction,greedy_uncertainty_assignments_per_step,greedy_uncertainty_median_shift_response_delay,greedy_uncertainty_missed_shift_count,greedy_uncertainty_critical_track_count,greedy_uncertainty_track_count,adaptive_sensor_manager_critical_fcq_rate,adaptive_sensor_manager_high_hostility_fcq_rate,adaptive_sensor_manager_mean_critical_covariance,adaptive_sensor_manager_low_value_task_fraction,adaptive_sensor_manager_assignments_per_step,adaptive_sensor_manager_median_shift_response_delay,adaptive_sensor_manager_missed_shift_count,adaptive_sensor_manager_critical_track_count,adaptive_sensor_manager_track_count
nominal,3900000,0.8597560975609756,0.9476275738585497,0.6986397338271644,0.38098765432098763,27.0,3.0,1,39,44,0.994261119081779,1.0,0.27034231098902933,0.0728395061728395,27.0,0.0,0,39,44,0.9992826398852224,1.0,0.5349565734688732,0.0842876775080165,14.553333333333333,0.0,0,39,44
nominal,3910007,0.8410493827160493,0.940293171254916,0.9267185441737273,0.2797530864197531,27.0,3.0,3,45,50,0.9959876543209877,1.0,0.30353760868885965,0.03481481481481481,27.0,0.0,0,45,50,0.9993827160493827,1.0,0.5591897058029922,0.05776587605202754,17.426666666666666,0.0,0,45,50
nominal,3920014,0.9034900284900285,0.9560862865947611,0.544511777027449,0.2876543209876543,27.0,2.0,1,38,45,0.9978632478632479,1.0,0.2503788802091068,0.04567901234567901,27.0,0.0,0,38,45,0.9996438746438746,1.0,0.5509255869165202,0.053603603603603604,14.8,0.0,0,38,45
nominal,3930021,0.9035234899328859,0.9543828264758497,0.5405805228908032,0.41901234567901235,27.0,2.0,1,38,49,0.9987416107382551,1.0,0.2812779010332971,0.07555555555555556,27.0,0.0,0,38,49,1.0,1.0,0.5299094980663995,0.06835330670217488,15.02,0.0,0,38,49
nominal,3940028,0.8801261829652997,0.9552605703048181,0.6177941100058587,0.4204938271604938,27.0,2.0,2,36,42,0.9917192429022083,1.0,0.27089576498549833,0.07703703703703704,27.0,0.0,0,36,42,0.998422712933754,1.0,0.5395802120871023,0.09794553272814142,13.953333333333333,0.0,0,36,42
nominal,3950035,0.8694929343308395,0.9503759398496241,0.6695649859603349,0.42691358024691356,27.0,3.0,4,35,37,0.9929343308395677,1.0,0.25240405029152274,0.09061728395061729,27.0,0.0,0,35,37,0.9987531172069826,1.0,0.540193245523113,0.08575727181544635,13.293333333333333,0.0,0,35,37
nominal,3960042,0.9087858450274557,0.9500513171399247,0.4667032056702496,0.328641975308642,27.0,3.0,3,47,53,0.9942037827943868,1.0,0.2974692260661388,0.03950617283950617,27.0,0.0,0,47,53,0.9984746796827334,1.0,0.535726923719938,0.0724581223217764,17.113333333333333,0.0,0,47,53
nominal,3970049,0.8740157480314961,0.9368471035137702,0.5275440287331118,0.4120987654320988,27.0,3.0,1,37,47,0.9892627057981389,1.0,0.2732453193851997,0.07802469135802469,27.0,0.0,0,37,47,0.9964209019327129,1.0,0.5723462163478922,0.10720720720720721,14.8,0.0,0,37,47
nominal,3980056,0.9230164964650432,0.9516200621393698,0.4018803413590328,0.42419753086419754,27.0,3.0,0,36,46,0.9933228593872742,1.0,0.2642479895617258,0.05506172839506173,27.0,0.0,0,36,46,0.9984289080911233,1.0,0.5255866940277037,0.06489409643983776,14.793333333333333,0.0,0,36,46
nominal,3990063,0.9038655462184874,0.9518205222508275,0.4940340256154865,0.2967901234567901,27.0,3.0,2,40,42,0.9973109243697479,1.0,0.26108201715503726,0.05654320987654321,27.0,0.0,0,40,42,0.9996638655462184,1.0,0.5272583175178412,0.05150410209662717,14.626666666666667,0.0,0,40,42
nominal,4000070,0.9187725631768953,0.9596873714520774,0.458524483431498,0.29012345679012347,27.0,3.0,0,32,39,0.9913357400722022,1.0,0.25943697659499043,0.06469135802469136,27.0,0.0,0,32,39,0.9967509025270758,1.0,0.5277259665668896,0.08368996671421779,14.02,0.0,0,32,39
nominal,4010077,0.9035532994923858,0.9538653366583542,0.5019692508478785,0.3654320987654321,27.0,3.0,1,38,43,0.9909354604786077,1.0,0.26839998456181896,0.06345679012345679,27.0,0.0,0,38,43,0.9974619289340102,1.0,0.5383201920933571,0.05985267034990792,14.48,0.0,0,38,43
nominal,4020084,0.8359788359788359,0.9458054936896808,0.712958407939471,0.2940740740740741,27.0,3.0,2,39,48,0.9905937683715461,1.0,0.302754488421222,0.031358024691358025,27.0,0.0,0,39,48,0.9973544973544973,1.0,0.5719105093892056,0.08386075949367089,16.85333333333333,0.0,0,39,48
nominal,4030091,0.870429252782194,0.9502369668246445,0.6674977210378694,0.3511111111111111,27.0,3.0,3,34,40,0.994435612082671,1.0,0.24362802667502836,0.08246913580246913,27.0,0.0,0,34,40,0.9992050874403816,1.0,0.5342506560500665,0.048985650667986144,13.473333333333333,0.0,0,34,40
nominal,4040098,0.8865306122448979,0.948670088660756,0.5579901766151723,0.362962962962963,27.0,2.5,2,39,47,0.9942857142857143,1.0,0.25776063672549776,0.08518518518518518,27.0,0.0,0,39,47,0.9987755102040816,1.0,0.5505081252202897,0.06067732831608655,14.173333333333334,0.0,0,39,47
nominal,4050105,0.9081247857387728,0.9543325526932084,0.48129377630760156,0.4076543209876543,27.0,2.0,1,38,47,0.9934864586904354,1.0,0.25221557055306404,0.12024691358024692,27.0,0.0,0,38,47,0.9996571820363387,1.0,0.5766915475979025,0.08863858961802155,13.613333333333333,0.0,0,38,47
nominal,4060112,0.8746572659616138,0.9412915851272016,0.546255049087058,0.4725925925925926,27.0,3.0,1,37,45,0.9917743830787309,1.0,0.2657131210315918,0.09382716049382717,27.0,0.0,0,37,45,0.9976498237367802,1.0,0.5491203011497159,0.08853681267474371,14.306666666666667,0.0,0,37,45
nominal,4070119,0.9070996978851964,0.9524610854017669,0.47052055079728755,0.3488888888888889,27.0,2.0,4,40,49,0.995845921450151,1.0,0.26481745779464966,0.06839506172839506,27.0,0.0,0,40,49,0.9992447129909365,1.0,0.5522455536689709,0.06827492034592626,14.646666666666667,0.0,0,40,49
nominal,4080126,0.935901586273875,0.965166908563135,0.37847107198890734,0.30691358024691356,27.0,2.0,1,39,41,0.9886694723211396,1.0,0.24434592063786215,0.061975308641975306,27.0,0.0,0,39,41,0.995791518290709,1.0,0.5389571079502138,0.05312810327706058,13.426666666666666,0.0,0,39,41
nominal,4090133,0.8772845953002611,0.9627682873412177,0.752681794044705,0.394320987654321,27.0,3.0,2,35,44,0.9947780678851175,1.0,0.2597519080306885,0.06691358024691359,27.0,0.0,0,35,44,0.9988810145468109,1.0,0.5351844164739988,0.07364520611394164,14.393333333333333,0.0,0,35,44
nominal,4100140,0.780744640842422,0.924187725631769,0.948761782531244,0.46024691358024694,27.0,3.0,5,40,47,0.9890936442271531,1.0,0.277090902725252,0.07061728395061728,27.0,0.0,0,40,47,0.9984956750658143,1.0,0.5539034037348052,0.1016719385449616,14.753333333333334,0.0,0,40,47
nominal,4110147,0.8615640599001664,0.9404567699836868,0.6534920284223052,0.3693827160493827,27.0,4.0,3,42,44,0.9903494176372712,1.0,0.278495060676714,0.056790123456790124,27.0,0.0,0,42,44,0.9990016638935109,1.0,0.5787309224162261,0.07708246995441359,16.086666666666666,0.0,0,42,44
nominal,4120154,0.8499648629655657,0.9527176314626602,0.7540414252721024,0.34617283950617284,27.0,2.5,1,41,43,0.9936753338018272,1.0,0.2718892023622356,0.05308641975308642,27.0,0.0,0,41,43,0.9978917779339423,1.0,0.5314564685950923,0.08542713567839195,14.593333333333334,0.0,0,41,43
nominal,4130161,0.8429035752979415,0.9405306495882891,0.6704375363440919,0.4276543209876543,27.0,3.0,3,39,45,0.9906103286384976,1.0,0.2684818237295799,0.08987654320987655,27.0,0.0,0,39,45,0.9981942939689419,1.0,0.5306719539639315,0.10583768391077361,14.046666666666667,0.0,0,39,45
dense_raid,3900000,0.42826819827693846,0.4489128890152053,1.3705276843698617,0.0893939393939394,22.0,4.0,45,121,130,0.3486078162067674,0.3269859315049027,1.1146313537961599,0.0,22.0,0.0,31,121,130,0.5109252091397178,0.48586045189711524,1.009952986254287,0.0,22.0,0.0,0,121,130
dense_raid,3910007,0.480970625798212,0.5088962823665558,1.3808805716497137,0.09454545454545454,22.0,5.0,40,113,121,0.3707535121328225,0.37176334442354986,1.1009020843501742,0.0,22.0,0.0,25,113,121,0.5888888888888889,0.5945320410820194,0.9795768478701186,0.0,22.0,0.0,5,113,121
dense_raid,3920014,0.5242819843342037,0.5987201498361168,1.4451416117389895,0.056666666666666664,22.0,4.5,32,110,119,0.5473890339425588,0.5473700639925082,0.9989923077570556,0.0,22.0,0.0,18,110,119,0.6609660574412533,0.6611518651474949,0.9050326419295194,0.0,22.0,0.0,0,110,119
dense_raid,3930021,0.39825657038771795,0.4370748299319728,1.607525332030159,0.13090909090909092,22.0,5.0,52,129,139,0.31824095758521986,0.30318491032776745,1.1632014059619118,0.0,22.0,0.5,48,129,139,0.5088472547488941,0.4907235621521336,1.0354050988596375,0.0,22.0,0.0,13,129,139
dense_raid,3940028,0.5377477857444116,0.5703303892705267,1.2076976488587463,0.11666666666666667,22.0,4.0,25,109,119,0.524813721355265,0.50915930650965,1.0003519555391251,0.0,22.0,0.0,18,109,119,0.6877548151272318,0.681714098789663,0.8954208379651158,0.0,22.0,0.0,2,109,119
dense_raid,3950035,0.5914653784219002,0.646749342352499,1.3319888385253822,0.11757575757575757,22.0,5.0,24,106,121,0.547987117552335,0.5358887636226982,0.9778074974863737,0.0,22.0,0.0,21,106,121,0.7611916264090177,0.76869597895528,0.8553886139454745,0.0,22.0,0.0,5,106,121
dense_raid,3960042,0.5380293863439931,0.6184428492545555,1.4335563375675895,0.09303030303030303,22.0,5.0,37,112,120,0.5694324402189571,0.5420577949567458,0.9793159176443745,0.0,22.0,0.0,22,112,120,0.7368193604148661,0.732744340143567,0.8754296310575816,0.0,22.0,0.0,7,112,120
dense_raid,3970049,0.4724837554700968,0.5365853658536586,1.4091787980558557,0.11333333333333333,22.0,5.0,38,117,126,0.5147858374220926,0.5075175409288339,1.0245194872026617,0.0,22.0,0.0,19,117,126,0.6878398090438934,0.6787504176411627,0.9070288879939875,0.0,22.0,0.0,0,117,126
dense_raid,3980056,0.5679344346267128,0.6238272524199553,1.347094345910117,0.05515151515151515,22.0,4.0,27,109,116,0.46612882571391984,0.4573343261355175,1.030642109304423,0.0,22.0,0.0,14,109,116,0.6050710718401844,0.5971705137751303,0.9267449474228852,0.0,22.0,0.0,0,109,116
dense_raid,3990063,0.606737012987013,0.6673061550759393,1.2644832605410905,0.05787878787878788,22.0,4.0,24,105,116,0.5595238095238095,0.5558752997601919,0.9736950504271317,0.0,22.0,0.0,12,105,116,0.737012987012987,0.7453237410071942,0.8636053480738926,0.0,22.0,0.0,0,105,116
dense_raid,4000070,0.4705276705276705,0.495096625324488,1.3548072494863324,0.09818181818181818,22.0,6.0,40,126,135,0.4034749034749035,0.41029708681857513,1.1097107103349235,0.0,22.0,0.0,37,126,135,0.5684684684684684,0.5751370060571099,0.9956604194521027,0.0,22.0,0.0,4,126,135
dense_raid,4010077,0.5157680569684638,0.5920634920634921,1.4429516227537258,0.09454545454545454,22.0,4.0,26,118,127,0.5438708036622584,0.5355555555555556,0.9920424727850231,0.0,22.0,0.0,22,118,127,0.6908697863682605,0.7,0.8944860733351843,0.0,22.0,0.0,3,118,127
dense_raid,4020084,0.4427453341360626,0.5009928211394532,1.5117286492997268,0.07484848484848484,22.0,5.0,43,117,125,0.3654425045153522,0.36428898732243775,1.110263761862164,0.0,22.0,0.0,32,117,125,0.5601444912703191,0.5550633878112112,0.9939389402693392,0.0,22.0,0.0,3,117,125
dense_raid,4030091,0.508613503751042,0.554980148455032,1.3366747721075432,0.10303030303030303,22.0,5.0,26,113,117,0.5602945262572937,0.5636112549628862,0.9895608143750894,0.0,22.0,0.0,17,113,117,0.6868574604056682,0.6956671845330571,0.8913669333919343,0.0,22.0,0.0,1,113,117
dense_raid,4040098,0.5456319423596517,0.5803888419273034,1.3103511656662412,0.12303030303030303,22.0,5.0,21,106,115,0.5313719603722605,0.5352493660185967,0.9811851804636383,0.0,22.0,0.0,18,106,115,0.7029420594416091,0.7186813186813187,0.8843646789050745,0.0,22.0,0.0,0,106,115
dense_raid,4050105,0.42770147706659756,0.45204262877442275,1.3703363085030404,0.09545454545454546,22.0,5.0,47,127,136,0.4311997926924074,0.4369449378330373,1.0696545988035155,0.0,22.0,0.0,33,127,136,0.6290489764187613,0.6311426879810539,0.9492417660576803,0.0,22.0,0.0,9,127,136
dense_raid,4060112,0.3993666877770741,0.4119533527696793,1.4398666214720355,0.10121212121212121,22.0,5.0,46,120,127,0.38340721975934133,0.374198250728863,1.0976739818303511,0.0,22.0,0.0,35,120,127,0.5473084230525649,0.5393586005830904,0.9992703040201608,0.0,22.0,0.0,2,120,127
dense_raid,4070119,0.63756201275691,0.6813646604441583,1.0899468892984547,0.04575757575757576,22.0,4.0,22,103,110,0.6202693125442948,0.626488574187319,0.9458516603338121,0.0,22.0,0.0,14,103,110,0.7597448618001418,0.7632764724814934,0.8429426154978957,0.0,22.0,0.0,7,103,110
dense_raid,4080126,0.6470334722022698,0.6749161743573368,0.9735709781598166,0.07454545454545454,22.0,4.0,10,98,110,0.7461571613273955,0.7544307839693437,0.886599611819872,0.0,22.0,0.0,4,98,110,0.8309150984054016,0.8329873862366278,0.8024808455325775,0.0,22.0,0.0,0,98,110
dense_raid,4090133,0.4373117033603708,0.4789356984478936,1.4236549850951445,0.04939393939393939,22.0,4.0,38,124,132,0.30845886442641945,0.31804323725055433,1.1575634928472864,0.0,22.0,0.0,39,124,132,0.5361529548088065,0.5411585365853658,1.024815769507671,0.0,22.0,0.0,7,124,132
dense_raid,4100140,0.512786980528916,0.559322033898305,1.4635363568438993,0.07121212121212121,22.0,5.0,41,114,123,0.458442313281023,0.45510991777143817,1.0455699565958272,0.0,22.0,0.0,33,114,123,0.5990990990990991,0.5954019130726632,0.9312995650564793,0.0,22.0,0.0,4,114,123
dense_raid,4110147,0.5390835579514824,0.6211999356602863,1.4820614106666588,0.06545454545454546,22.0,5.0,30,109,119,0.5416506225131562,0.5481743606240952,1.0004260242749596,0.0,22.0,0.0,23,109,119,0.6891284815813118,0.693903812128036,0.8959392505429132,0.0,22.0,0.0,0,109,119
dense_raid,4120154,0.5980875541610639,0.6449022346368715,1.2029767109395657,0.08878787878787879,22.0,4.0,27,105,118,0.5628268340056776,0.5602304469273743,0.9892245572701455,0.0,22.0,0.0,18,105,118,0.7492903033019572,0.7513966480446927,0.8589768035729034,0.0,22.0,0.0,3,105,118
dense_raid,4130161,0.5336003003378801,0.6016962220508867,1.3498353479156076,0.05909090909090909,22.0,4.0,29,113,122,0.5527468401952196,0.5543562066306862,0.9960167186111785,0.0,22.0,0.0,17,113,122,0.6840195219622075,0.6835774865073246,0.8904401325937068,0.0,22.0,0.0,0,113,122
sensor_degradation,3900000,0.8266269249875807,0.9044490892803823,0.8585957520835072,0.234320987654321,27.0,4.5,4,61,74,0.9885742672627919,1.0,0.5104651200961001,0.0,27.0,0.0,0,61,74,0.9970193740685543,1.0,0.6621745415846982,0.10064308681672025,20.733333333333334,0.0,0,61,74
sensor_degradation,3910007,0.8228545204222121,0.913506139154161,0.8922678143684789,0.21555555555555556,27.0,5.0,7,61,65,0.9931161083065626,1.0,0.518979310510048,0.0,27.0,0.0,0,61,65,0.9977053694355209,1.0,0.6699063767927325,0.17333734577189286,22.153333333333332,0.0,0,61,65
sensor_degradation,3920014,0.8776394152680022,0.9241964827167981,0.6495865577987395,0.20271604938271606,27.0,3.5,4,57,61,0.9924201407688142,1.0,0.44019878634016824,0.0,27.0,0.0,0,57,61,0.9986464537087169,1.0,0.6550548599551185,0.10612386917188588,19.16,0.0,0,57,61
sensor_degradation,3930021,0.8102648102648102,0.8287050570008769,0.7010156039217733,0.2617283950617284,27.0,5.0,10,64,73,0.9920829920829921,1.0,0.5478631423907875,0.0,27.0,0.0,0,64,73,0.9986349986349986,1.0,0.6632643123251797,0.19556868537666175,22.566666666666666,0.0,0,64,73
sensor_degradation,3940028,0.816482582837723,0.9161697649947387,0.8145274915161255,0.288641975308642,27.0,4.0,8,53,54,0.9906542056074766,1.0,0.43961587904487726,0.005925925925925926,27.0,0.0,0,53,54,0.9971679410931747,1.0,0.6529144536641794,0.1513647642679901,18.80666666666667,0.0,0,53,54
sensor_degradation,3950035,0.7782608695652173,0.9072664359861592,0.9647845623421011,0.28098765432098766,27.0,5.0,6,54,59,0.9861413043478261,1.0,0.4464244359200468,0.0007407407407407407,27.0,0.0,0,54,59,0.9964673913043478,1.0,0.6541288562953136,0.10810810810810811,18.993333333333332,0.0,0,54,59
sensor_degradation,3960042,0.8194594594594594,0.9062829062829063,0.7411723771568415,0.3575308641975309,27.0,5.0,3,56,60,0.9824324324324324,1.0,0.46697319562032047,0.0004938271604938272,27.0,0.0,0,56,60,0.9927027027027027,1.0,0.6591570661651099,0.16478029294274302,20.026666666666667,0.0,0,56,60
sensor_degradation,3970049,0.8216004813477737,0.8867538838920687,0.6969733538189924,0.3869135802469136,27.0,5.0,3,50,55,0.9756317689530686,1.0,0.421657096107313,0.0012345679012345679,27.0,0.0,0,50,55,0.9888688327316486,1.0,0.6582411714960583,0.10574797347089167,18.093333333333334,0.0,0,50,55
sensor_degradation,3980056,0.8152281746031746,0.8966338993148645,0.8343941463737776,0.3064197530864198,27.0,5.0,7,65,70,0.9890873015873016,1.0,0.49683487204590876,0.0,27.0,0.0,0,65,70,0.9965277777777778,1.0,0.6624524225180839,0.12090359529112313,20.953333333333333,0.0,0,65,70
sensor_degradation,3990063,0.8618365627632687,0.9195588712293221,0.6513678899857462,0.2958024691358025,27.0,4.0,4,52,60,0.9898904802021904,1.0,0.4065004818534848,0.0034567901234567903,27.0,0.0,0,52,60,0.9977534400449312,1.0,0.6450030660479764,0.12163656468853667,18.086666666666666,0.0,0,52,60
sensor_degradation,4000070,0.9034567901234568,0.9345156889495225,0.6070727857994149,0.16666666666666666,27.0,4.0,1,54,57,0.985679012345679,1.0,0.4695378684128384,0.0,27.0,0.0,0,54,57,0.9940740740740741,1.0,0.6626336537979252,0.15387171817879694,20.06,0.0,0,54,57
sensor_degradation,4010077,0.8450995603827256,0.9135200974421437,0.6951340401635797,0.2762962962962963,27.0,5.0,4,56,58,0.9844840961986036,1.0,0.4336277998405412,0.0007407407407407407,27.0,0.0,0,56,58,0.9937936384794415,1.0,0.6489422158330254,0.15517241379310345,18.946666666666665,0.0,0,56,58
sensor_degradation,4020084,0.809536494405967,0.8915702479338843,0.8136419549978969,0.2624691358024691,27.0,5.0,5,53,58,0.9802876931273309,1.0,0.48513224019440715,0.0,27.0,0.0,0,53,58,0.9936068193926478,1.0,0.6641977362406362,0.09919571045576407,19.893333333333334,0.0,0,53,58
sensor_degradation,4030091,0.819672131147541,0.9020576131687242,0.9336758256940972,0.3422222222222222,27.0,5.0,4,47,49,0.9816779170684667,1.0,0.38785860894861024,0.007160493827160494,27.0,0.0,0,47,49,0.9909996785599485,1.0,0.6426420820102098,0.12982875348466746,16.74,0.0,0,47,49
sensor_degradation,4040098,0.8544564657393097,0.9191625472521082,0.8237388172241531,0.19037037037037038,27.0,4.0,4,61,64,0.9927872230808862,1.0,0.479540695954396,0.0002469135802469136,27.0,0.0,0,61,64,0.9984544049459042,1.0,0.6561633877361449,0.16912235746316465,20.813333333333333,0.0,0,61,64
sensor_degradation,4050105,0.8469623173545244,0.9135876042908224,0.8431872385168366,0.26469135802469135,27.0,4.0,10,59,63,0.9861573955396052,1.0,0.45261035500117136,0.0022222222222222222,27.0,0.0,0,59,63,0.9966675211484235,1.0,0.6610946629092982,0.08565385971096229,18.913333333333334,0.0,0,59,63
sensor_degradation,4060112,0.8184523809523809,0.9074618882054025,0.8449356124650476,0.2928395061728395,27.0,5.0,3,63,74,0.9842687074829932,1.0,0.532695546710066,0.0,27.0,0.0,0,63,74,0.9955357142857143,1.0,0.6659591436919452,0.14896844660194175,21.973333333333333,0.0,0,63,74
sensor_degradation,4070119,0.8549154334038055,0.9227300060132291,0.7262636880887915,0.22962962962962963,27.0,4.0,5,56,63,0.9918076109936576,1.0,0.46077173197066235,0.0012345679012345679,27.0,0.0,0,56,63,0.9976215644820295,1.0,0.6586943390424689,0.1201510470305527,19.42,0.0,0,56,63
sensor_degradation,4080126,0.8832807570977917,0.9410474362489718,0.6181822915608941,0.1819753086419753,27.0,4.0,4,53,53,0.9808298956563941,1.0,0.39151880970078745,0.0002469135802469136,27.0,0.0,0,53,53,0.9932055326377093,1.0,0.6569701220365795,0.1191391237509608,17.346666666666668,0.0,0,53,53
sensor_degradation,4090133,0.8501759678230266,0.930835734870317,0.8539508429404352,0.2582716049382716,27.0,4.0,4,57,61,0.9886877828054299,1.0,0.4914598905748594,0.0009876543209876543,27.0,0.0,0,57,61,0.9972347913524384,1.0,0.6525764088023974,0.18053777208706787,20.826666666666668,0.0,0,57,61
sensor_degradation,4100140,0.7114624505928854,0.8918609094382881,1.2858751670482194,0.34098765432098765,27.0,4.0,8,55,61,0.9861660079051383,1.0,0.4791911768024783,0.0,27.0,0.0,0,55,61,0.9954827780914738,1.0,0.6544099762509478,0.1310946076848563,20.64666666666667,0.0,0,55,61
sensor_degradation,4110147,0.7616418626980317,0.8978644382544104,1.1034441791263137,0.3160493827160494,27.0,5.0,5,59,61,0.9793566970715314,1.0,0.4817760958070557,0.0,27.0,0.0,0,59,61,0.9930388862217955,1.0,0.6618703783286434,0.09683794466403162,20.24,0.0,0,59,61
sensor_degradation,4120154,0.8079381992541289,0.8960828747167368,0.9145336690462481,0.2590123456790123,27.0,5.0,6,59,66,0.9869472562599894,1.0,0.4715239754048197,0.0002469135802469136,27.0,0.0,0,59,66,0.9954714970697922,1.0,0.6571463174332292,0.13726146635420153,19.913333333333334,0.0,0,59,66
sensor_degradation,4130161,0.8199581297976274,0.9222189609627238,0.9591285915208957,0.23012345679012347,27.0,4.0,4,57,60,0.9820888578739242,1.0,0.4674438196253555,0.0,27.0,0.0,0,57,60,0.9911607350546638,1.0,0.6605340239448156,0.11358811040339703,18.84,0.0,0,57,60
hostility_shift,3900000,0.8373507057546146,0.8899749373433584,0.790980639275168,0.18123456790123457,27.0,4.0,7,76,81,0.9921824104234528,1.0,0.5537428139359221,0.0,27.0,0.0,0,76,81,0.9976112920738328,1.0,0.622752278679136,0.032933296120569354,23.886666666666667,0.0,0,76,81
hostility_shift,3910007,0.8255605381165919,0.9228723404255319,0.9693023822923322,0.1474074074074074,27.0,4.0,7,62,64,0.9948430493273542,1.0,0.4879257305284991,0.0,27.0,0.0,0,62,64,0.997982062780269,1.0,0.6057699469648026,0.03243847874720358,23.84,0.0,0,62,64
hostility_shift,3920014,0.8761548064918852,0.9249381358262304,0.6893381204584645,0.16246913580246913,27.0,4.0,6,65,68,0.9965043695380774,1.0,0.43828781280046686,0.0022222222222222222,27.0,0.0,0,65,68,0.9992509363295881,1.0,0.5750780077317162,0.027978339350180504,22.16,0.0,0,65,68
hostility_shift,3930021,0.7411378555798687,0.8083059002279058,0.9071781870922417,0.2037037037037037,27.0,4.0,9,75,79,0.9908096280087527,1.0,0.5651712165544345,0.0,27.0,0.0,0,75,79,0.9982494529540481,1.0,0.6332907598253057,0.018227009113504555,24.14,0.0,0,75,79
hostility_shift,3940028,0.8279313632030505,0.913729912602199,0.8258865355758374,0.2360493827160494,27.0,4.0,7,65,65,0.9935653002859867,1.0,0.4698689899016607,0.0019753086419753087,27.0,0.0,0,65,65,0.9983317445185891,1.0,0.5980888540653307,0.044075558099599316,23.293333333333333,0.0,0,65,65
hostility_shift,3950035,0.8192682926829268,0.9131210949122285,0.8953140831002236,0.19580246913580246,27.0,4.0,6,64,67,0.988780487804878,1.0,0.4667579433977336,0.0009876543209876543,27.0,0.0,0,64,67,0.9970731707317073,1.0,0.5884707136111391,0.0506658946149392,23.026666666666667,0.0,0,64,67
hostility_shift,3960042,0.8477763659466327,0.9184782608695652,0.7100000723182732,0.29506172839506173,27.0,4.0,6,64,67,0.9870393900889454,1.0,0.4672764303433548,0.0004938271604938272,27.0,0.0,0,64,67,0.9951715374841169,1.0,0.6008116666626123,0.05150088287227781,22.653333333333332,0.0,0,64,67
hostility_shift,3970049,0.8403621634500834,0.9135839005622965,0.8287532749325144,0.2548148148148148,27.0,4.0,1,62,63,0.985465808911127,1.0,0.4750769661269059,0.0002469135802469136,27.0,0.0,0,62,63,0.9952346914462712,1.0,0.6017187531551611,0.042898550724637684,23.0,0.0,0,62,63
hostility_shift,3980056,0.8313554028732042,0.9129063561377971,0.9016715252889673,0.21481481481481482,27.0,4.0,12,83,86,0.9918800749531543,1.0,0.5549971103062931,0.0,27.0,0.0,0,83,86,0.9968769519050593,1.0,0.6255386342542503,0.026533996683250415,24.12,0.0,0,83,86
hostility_shift,3990063,0.8885392079727249,0.932689493707931,0.6460810790400168,0.23555555555555555,27.0,3.0,7,62,65,0.993443482821925,1.0,0.43432305189641385,0.010864197530864197,27.0,0.0,0,62,65,0.998688696564385,1.0,0.5787447518216315,0.03861600247142416,21.58,0.0,0,62,65
hostility_shift,4000070,0.9039718451483157,0.9430485762144054,0.6296237039397002,0.18024691358024691,27.0,4.0,4,56,57,0.9881850175967823,1.0,0.4385087867631316,0.0007407407407407407,27.0,0.0,0,56,57,0.9947209653092006,1.0,0.5814751874780865,0.038903625110521665,22.62,0.0,0,56,57
hostility_shift,4010077,0.8422604422604423,0.9338190649666059,0.832455449309356,0.24345679012345678,27.0,3.0,4,59,61,0.9867321867321868,1.0,0.4303887198556562,0.0024691358024691358,27.0,0.0,0,59,61,0.9970515970515971,1.0,0.5712668960608421,0.05802047781569966,21.486666666666668,0.0,0,59,61
hostility_shift,4020084,0.7874720357941835,0.8966849050531059,0.9387834634836301,0.21308641975308643,27.0,4.0,9,60,61,0.9830971911508825,1.0,0.4698565620438212,0.0,27.0,0.0,0,60,61,0.9930400198856575,1.0,0.5925230198131679,0.053920139900903524,22.873333333333335,0.0,0,60,61
hostility_shift,4030091,0.8254186110348614,0.9305210918114144,0.9046070284082378,0.22419753086419753,27.0,3.5,0,50,54,0.9876475432335987,1.0,0.3828571853206608,0.00962962962962963,27.0,0.0,0,50,54,0.9945100192149328,1.0,0.566159634792634,0.07211698238617481,20.06,0.0,0,50,54
hostility_shift,4040098,0.8884758364312267,0.9317948717948717,0.6775328418705155,0.18641975308641975,27.0,4.0,5,68,70,0.9951208178438662,1.0,0.49129176872605146,0.0007407407407407407,27.0,0.0,0,68,70,0.9995353159851301,1.0,0.5990823716199081,0.028208744710860368,23.633333333333333,0.0,0,68,70
hostility_shift,4050105,0.8470997679814385,0.9088486140724946,0.8560292189860546,0.1908641975308642,27.0,4.0,11,69,74,0.9904872389791183,1.0,0.4646418982952679,0.0019753086419753087,27.0,0.0,0,69,74,0.9979118329466358,1.0,0.602878722190426,0.030285210232284622,22.673333333333332,0.0,0,69,74
hostility_shift,4060112,0.8302692664809657,0.9274959462589761,0.8706368509763879,0.17728395061728394,27.0,4.0,6,76,80,0.9890436397400185,1.0,0.5327081492606449,0.0,27.0,0.0,0,76,80,0.9974001857010214,1.0,0.6161148725256694,0.03976196916418718,24.64666666666667,0.0,0,76,80
hostility_shift,4070119,0.8604972375690608,0.9297833463847559,0.7671177836678976,0.14987654320987653,27.0,3.5,3,66,66,0.9924033149171271,1.0,0.474551602928266,0.005679012345679012,27.0,0.0,0,66,66,0.9970073664825047,1.0,0.5891488923551604,0.037785588752196834,22.76,0.0,0,66,66
hostility_shift,4080126,0.8938053097345132,0.9518005540166204,0.5721469778892229,0.15012345679012346,27.0,3.0,5,53,53,0.9859882005899705,1.0,0.3538801680227535,0.0024691358024691358,27.0,0.0,0,53,53,0.9948377581120944,1.0,0.5689089588660265,0.0345514950166113,20.066666666666666,0.0,0,53,53
hostility_shift,4090133,0.8382111917583704,0.9307882449876408,0.9010883315820396,0.18419753086419752,27.0,4.0,7,68,71,0.9918051978459377,1.0,0.503669777817862,0.0009876543209876543,27.0,0.0,0,68,71,0.9978927651603839,1.0,0.6072211933736671,0.03073019453058923,23.64666666666667,0.0,0,68,71
hostility_shift,4100140,0.7475651487233482,0.8718202841096796,1.1619529065273067,0.2054320987654321,27.0,4.0,8,63,64,0.9897341405633061,1.0,0.4804866389075658,0.0,27.0,0.0,0,63,64,0.996314819689392,1.0,0.5815213525810403,0.044767607641859136,23.38,0.0,0,63,64
hostility_shift,4110147,0.8041283374467131,0.9104683195592287,1.005771432674395,0.20839506172839506,27.0,4.0,5,58,59,0.9854161992371551,1.0,0.4581616029883986,0.0,27.0,0.0,0,58,59,0.9934933811981154,1.0,0.5945723804732271,0.05760233918128655,22.8,0.0,0,58,59
hostility_shift,4120154,0.8517268242015061,0.9159842280861389,0.7393085628999058,0.23580246913580247,27.0,3.5,10,66,67,0.9903921059465074,1.0,0.4554644691393496,0.0019753086419753087,27.0,0.0,0,66,67,0.9974032718774344,1.0,0.5862592094405711,0.044157404626013814,22.19333333333333,0.0,0,66,67
hostility_shift,4130161,0.8105504587155963,0.9273840769903762,0.9872422040648312,0.17629629629629628,27.0,4.0,8,65,65,0.9837155963302753,1.0,0.44748801825563583,0.0022222222222222222,27.0,0.0,0,65,65,0.993348623853211,1.0,0.5800612649642577,0.04976525821596244,21.3,0.0,0,65,65
combined_stress,3900000,0.13188745603751464,0.1308297180043384,2.587694781052275,0.021333333333333333,20.0,19.0,104,135,142,0.00246189917936694,0.0028470715835141,2.343253142456221,0.0,20.0,45.0,129,135,142,0.09636576787807738,0.10086767895878525,2.3139951995637023,0.0,20.0,14.0,93,135,142
combined_stress,3910007,0.14118490205446727,0.13467168548724384,2.401150783549777,0.019,20.0,14.0,90,126,131,0.0016722408026755853,0.0019517635577861424,2.26972661084154,0.0,20.0,45.0,119,126,131,0.07035355948399427,0.07597936707096055,2.1727197885513427,0.0,20.0,4.0,74,126,131
combined_stress,3920014,0.15898089171974522,0.1650131310183834,2.5496161775291246,0.03266666666666666,20.0,19.0,97,132,137,0.006624203821656051,0.00758681062153487,2.148367012192198,0.0,20.0,39.5,128,132,137,0.12280254777070064,0.12999708199591478,2.0194856434794657,0.0,20.0,10.5,86,132,137
combined_stress,3930021,0.14547973675095255,0.14719498910675383,2.71600159934734,0.018333333333333333,20.0,20.0,105,142,148,0.00023092021706500404,0.0002723311546840959,2.4403314086551817,0.0,20.0,41.0,139,142,148,0.10553053919870685,0.11247276688453159,2.377917093955024,0.0,20.0,14.0,94,142,148
combined_stress,3940028,0.1396655701754386,0.12421875,2.173668820949738,0.033,20.0,17.0,92,125,130,0.004660087719298245,0.00484375,2.069844434155045,0.0,20.0,33.0,120,125,130,0.10622258771929824,0.10765625,1.95359222827303,0.0,20.0,5.0,74,125,130
combined_stress,3950035,0.16857953844255213,0.17084383805427852,2.5905783877532,0.03233333333333333,20.0,15.0,102,137,146,0.0016043440700974948,0.0019279252558208513,2.2642995236927357,0.0,20.0,41.0,134,137,146,0.11255090707145501,0.11864155420436008,2.193127929464366,0.0,20.0,10.0,91,137,146
combined_stress,3960042,0.15239646347138203,0.15711830421082784,2.437901879376048,0.02,20.0,13.0,91,129,135,0.0013959981386691485,0.0017187052420509883,2.1454083380551103,0.0,20.0,43.0,123,129,135,0.07061423918101442,0.07719851045545689,2.0358777761529145,0.0,20.0,6.0,78,129,135
combined_stress,3970049,0.14256980596308566,0.1534065934065934,2.5089332571840726,0.03,20.0,17.5,102,137,142,0.002957879791765263,0.003663003663003663,2.227966690290263,0.0,20.0,35.5,132,137,142,0.08613345953620445,0.09641025641025641,2.097784214462174,0.0,20.0,7.0,84,137,142
combined_stress,3980056,0.1327120443553144,0.13702900515044728,2.385941852217178,0.017333333333333333,20.0,19.5,86,122,128,0.0020054264480358617,0.002304147465437788,2.155574715982549,0.0,20.0,57.5,117,122,128,0.11018048838032322,0.11534291135809162,2.0866672044040167,0.0,20.0,11.0,76,122,128
combined_stress,3990063,0.13227130098962106,0.12547797762356608,2.2278942754911455,0.007666666666666666,20.0,14.5,88,126,130,0.0026550808592807145,0.003115705990652882,2.0413424732541805,0.0,20.0,51.0,120,126,130,0.10475500844798455,0.10692536467922391,1.928365940463169,0.0,20.0,5.5,74,126,130
combined_stress,4000070,0.1341293763041966,0.13134249471458773,2.5409534988412936,0.019666666666666666,20.0,18.0,105,144,148,0.001623000231857176,0.0018498942917547568,2.4029989524129505,0.0,20.0,41.5,138,144,148,0.09981451425921632,0.10769027484143763,2.3171456369639434,0.0,20.0,10.0,92,144,148
combined_stress,4010077,0.11791491911324146,0.12135221034383126,2.5137790339008017,0.034333333333333334,20.0,21.0,104,137,145,0.0032354703415218692,0.0037561398439757295,2.1819318109901924,0.0,20.0,41.0,132,137,145,0.10880766926303176,0.11730713666570355,2.0375662526686926,0.0,20.0,9.0,86,137,145
combined_stress,4020084,0.14995107632093935,0.1696485623003195,2.717291862888635,0.019,20.0,19.0,96,126,128,0.004403131115459882,0.005591054313099041,2.193861134565507,0.0,20.0,39.5,121,126,128,0.09809197651663405,0.11373801916932907,2.10144867243912,0.0,20.0,14.5,88,126,128
combined_stress,4030091,0.14945188794153472,0.14962630792227205,2.384975494248439,0.029666666666666668,20.0,14.0,74,119,126,0.004628501827040195,0.005680119581464873,2.0605511444209608,0.0,20.0,41.0,112,119,126,0.0930572472594397,0.10986547085201794,1.9751820850309447,0.0,20.0,7.0,68,119,126
combined_stress,4040098,0.17257298031228785,0.17062937062937064,2.239426776042051,0.07166666666666667,20.0,15.0,81,120,131,0.008418194161575018,0.00947940947940948,2.0442145795124422,0.0,20.0,36.0,109,120,131,0.13985064494229463,0.15275835275835276,1.9336996216442826,0.0,20.0,9.0,67,120,131
combined_stress,4050105,0.20778544460356724,0.22072820667774587,2.313272982571971,0.035,20.0,15.0,88,125,128,0.0026038276266111184,0.0030216044719746185,2.048332404560745,0.0,20.0,33.0,119,125,128,0.13487827105845593,0.1470010575615652,1.8891420313801124,0.0,20.0,8.0,76,125,128
combined_stress,4060112,0.1513787931233414,0.14923218270114189,2.572598755259841,0.028666666666666667,20.0,21.0,100,134,137,0.00253836390908042,0.002887518046987794,2.320162520168482,0.0,20.0,50.0,129,134,137,0.08376600899965386,0.08426302664391652,2.292567589593978,0.0,20.0,12.0,86,134,137
combined_stress,4070119,0.1389889454726121,0.13833309342162084,2.162041758282052,0.007333333333333333,20.0,14.0,79,121,125,0.0022357471121599803,0.0025910464948898804,2.1358550209136062,0.0,20.0,50.0,114,121,125,0.09936653831822134,0.1095436879228444,1.9890389941504214,0.0,20.0,5.0,72,121,125
combined_stress,4080126,0.21026894865525672,0.2078959041845335,1.9434006860341215,0.024333333333333332,20.0,15.0,74,114,119,0.012224938875305624,0.013307703681798018,1.8940314513577112,0.0,20.0,36.0,101,114,119,0.18948655256723718,0.20109418896939227,1.7462943540586784,0.0,20.0,4.0,63,114,119
combined_stress,4090133,0.09122464475539646,0.08854692230070636,2.5366158591586694,0.011333333333333334,20.0,23.5,105,137,143,0.0007593014426727411,0.0008829465186680121,2.3906093816921876,0.0,20.0,51.0,134,137,143,0.06323896301117257,0.06495963673057517,2.3218066093514915,0.0,20.0,14.5,87,137,143
combined_stress,4100140,0.1502685546875,0.15189698144558295,2.6256474033880024,0.016,20.0,23.0,107,137,144,0.0003662109375,0.0004153973968429798,2.3882580614249305,0.0,20.0,40.0,135,137,144,0.1063232421875,0.1088341179728607,2.353251991938421,0.0,20.0,16.0,91,137,144
combined_stress,4110147,0.13243006993006992,0.14845557218669206,2.614361065282274,0.011666666666666667,20.0,14.5,105,138,146,0.0013111888111888112,0.0016328752211185195,2.2317352594066096,0.0,20.0,40.5,134,138,146,0.07583041958041958,0.0846373656279766,2.173910367004963,0.0,20.0,10.0,94,138,146
combined_stress,4120154,0.11722365038560412,0.11238670694864049,2.228420560444301,0.016,20.0,22.5,97,122,124,0.0007712082262210797,0.0009063444108761329,2.1049587323345813,0.0,20.0,45.5,118,122,124,0.12069408740359897,0.12522658610271903,1.9294378396449428,0.0,20.0,5.0,71,122,124
combined_stress,4130161,0.1826086956521739,0.20671872697804627,2.3396100104431983,0.011,20.0,14.0,83,125,129,0.00282021151586369,0.0035361720937085606,2.0793651769369697,0.0,20.0,35.0,117,125,129,0.10716803760282022,0.12568144983055843,1.9487611772678728,0.0,20.0,7.0,74,125,129
